id,username,created_at
1,Kenton_Kirlin,16-02-2017 18:22
2,Andre_Purdy85,02-04-2017 17:11
3,Harley_Lind18,21-02-2017 11:12
4,Arely_Bogan63,13-08-2016 01:28
5,Aniya_Hackett,07-12-2016 01:04
6,Travon.Waters,30-04-2017 13:26
7,Kasandra_Homenick,12-12-2016 06:50
8,Tabitha_Schamberger11,20-08-2016 02:19
9,Gus93,24-06-2016 19:36
10,Presley_McClure,07-08-2016 16:25
11,Justina.Gaylord27,04-05-2017 16:32
12,Dereck65,19-01-2017 01:34
13,Alexandro35,29-03-2017 17:09
14,Jaclyn81,06-02-2017 23:29
15,Billy52,05-10-2016 14:10
16,Annalise.McKenzie16,02-08-2016 21:32
17,Norbert_Carroll35,06-02-2017 22:05
18,Odessa2,21-10-2016 18:16
19,Hailee26,29-04-2017 18:53
20,Delpha.Kihn,31-08-2016 02:42
21,Rocio33,23-01-2017 11:51
22,Kenneth64,27-12-2016 09:48
23,Eveline95,23-01-2017 23:14
24,Maxwell.Halvorson,18-04-2017 02:32
25,Tierra.Trantow,03-10-2016 12:49
26,Josianne.Friesen,07-06-2016 12:47
27,Darwin29,18-03-2017 03:10
28,Dario77,18-08-2016 07:15
29,Jaime53,11-09-2016 18:51
30,Kaley9,23-09-2016 21:24
31,Aiyana_Hoeger,29-09-2016 20:28
32,Irwin.Larson,26-08-2016 19:36
33,Yvette.Gottlieb91,14-11-2016 12:32
34,Pearl7,08-07-2016 21:42
35,Lennie_Hartmann40,30-03-2017 03:25
36,Ollie_Ledner37,04-08-2016 15:42
37,Yazmin_Mills95,27-07-2016 00:56
38,Jordyn.Jacobson2,14-05-2016 07:56
39,Kelsi26,08-06-2016 17:48
40,Rafael.Hickle2,19-05-2016 09:51
41,Mckenna17,17-07-2016 17:25
42,Maya.Farrell,11-12-2016 18:04
43,Janet.Armstrong,06-10-2016 07:57
44,Seth46,07-07-2016 11:40
45,David.Osinski47,05-02-2017 21:23
46,Malinda_Streich,09-07-2016 21:37
47,Harrison.Beatty50,02-09-2016 03:48
48,Granville_Kutch,26-06-2016 03:10
49,Morgan.Kassulke,30-10-2016 12:42
50,Gerard79,23-08-2016 19:47
51,Mariano_Koch3,17-04-2017 14:14
52,Zack_Kemmer93,01-01-2017 05:58
53,Linnea59,07-02-2017 07:49
54,Duane60,21-12-2016 04:43
55,Meggie_Doyle,04-04-2017 12:17
56,Peter.Stehr0,22-08-2016 18:05
57,Julien_Schmidt,02-02-2017 23:12
58,Aurelie71,31-05-2016 06:20
59,Cesar93,18-10-2016 16:42
60,Sam52,30-03-2017 22:03
61,Jayson65,14-10-2016 19:10
62,Ressie_Stanton46,20-12-2016 15:09
63,Elenor88,08-05-2016 01:30
64,Florence99,06-10-2016 23:08
65,Adelle96,01-10-2016 00:37
66,Mike.Auer39,01-07-2016 17:36
67,Emilio_Bernier52,06-05-2016 13:04
68,Franco_Keebler64,13-11-2016 20:09
69,Karley_Bosco,24-06-2016 23:38
70,Erick5,05-04-2017 23:44
71,Nia_Haag,14-05-2016 15:38
72,Kathryn80,11-10-2016 09:01
73,Jaylan.Lakin,10-06-2016 23:58
74,Hulda.Macejkovic,25-01-2017 17:17
75,Leslie67,21-09-2016 05:14
76,Janelle.Nikolaus81,21-07-2016 09:26
77,Donald.Fritsch,07-01-2017 10:05
78,Colten.Harris76,10-10-2016 02:38
79,Katarina.Dibbert,03-11-2016 13:14
80,Darby_Herzog,06-05-2016 00:14
81,Esther.Zulauf61,14-01-2017 17:02
82,Aracely.Johnston98,25-07-2016 18:49
83,Bartholome.Bernhard,06-11-2016 02:31
84,Alysa22,01-01-2017 17:44
85,Milford_Gleichner42,30-04-2017 07:50
86,Delfina_VonRueden68,21-03-2017 12:02
87,Rick29,24-02-2017 11:25
88,Clint27,02-06-2016 21:40
89,Jessyca_West,14-09-2016 23:47
90,Esmeralda.Mraz57,03-03-2017 11:52
91,Bethany20,03-06-2016 23:31
92,Frederik_Rice,06-07-2016 21:56
93,Willie_Leuschke,15-02-2017 01:40
94,Damon35,31-10-2016 14:44
95,Nicole71,09-05-2016 17:30
96,Keenan.Schamberger60,28-08-2016 14:57
97,Tomas.Beatty93,11-02-2017 11:38
98,Imani_Nicolas17,31-01-2017 22:59
99,Alek_Watsica,10-12-2016 07:43
100,Javonte83,27-03-2017 22:06
